{"cameraMode":{"drawMode":0,"name":"Shaded","section":"Shading Mode"},"sceneLighting":true,"audioPlay":false,"sceneViewState":{"showFog":true,"showMaterialUpdate":false,"showSkybox":true,"showFlares":true,"showImageEffects":true,"showParticleSystems":true},"in2DMode":false,"pivot":{"x":1.3015975952148438,"y":0.6905019283294678,"z":1.4631520509719849},"rotation":{"x":0.42396309971809389,"y":-0.11869223415851593,"z":0.0563792884349823,"w":0.8962008357048035},"size":1.8457138538360596,"orthographic":false}