{"cameraMode":{"drawMode":0,"name":"Shaded","section":"Shading Mode"},"sceneLighting":true,"audioPlay":false,"sceneViewState":{"showFog":true,"showMaterialUpdate":false,"showSkybox":true,"showFlares":true,"showImageEffects":true,"showParticleSystems":true,"showVisualEffectGraphs":true,"m_FxEnabled":true},"in2DMode":false,"pivot":{"x":3.8714675903320314,"y":5.6778035163879398,"z":-0.18542616069316865},"rotation":{"x":0.2654968798160553,"y":-0.5792971253395081,"z":0.2072138786315918,"w":0.7422997355461121},"size":0.0810815840959549,"orthographic":false}